target_end_date,value,type,quantile,forecast_date,target,location
2020-11-21,95,quantile,0.010,2020-11-20,1 day ahead inc hosp,25
2020-11-21,101,quantile,0.025,2020-11-20,1 day ahead inc hosp,25
2020-11-21,106,quantile,0.050,2020-11-20,1 day ahead inc hosp,25
2020-11-21,112,quantile,0.100,2020-11-20,1 day ahead inc hosp,25
2020-11-21,116,quantile,0.150,2020-11-20,1 day ahead inc hosp,25
2020-11-21,119,quantile,0.200,2020-11-20,1 day ahead inc hosp,25
2020-11-21,122,quantile,0.250,2020-11-20,1 day ahead inc hosp,25
2020-11-21,125,quantile,0.300,2020-11-20,1 day ahead inc hosp,25
2020-11-21,128,quantile,0.350,2020-11-20,1 day ahead inc hosp,25
2020-11-21,130,quantile,0.400,2020-11-20,1 day ahead inc hosp,25
2020-11-21,132,quantile,0.450,2020-11-20,1 day ahead inc hosp,25
2020-11-21,135,quantile,0.500,2020-11-20,1 day ahead inc hosp,25
2020-11-21,136,point,NA,2020-11-20,1 day ahead inc hosp,25
2020-11-21,137,quantile,0.550,2020-11-20,1 day ahead inc hosp,25
2020-11-21,140,quantile,0.600,2020-11-20,1 day ahead inc hosp,25
2020-11-21,142,quantile,0.650,2020-11-20,1 day ahead inc hosp,25
2020-11-21,145,quantile,0.700,2020-11-20,1 day ahead inc hosp,25
2020-11-21,148,quantile,0.750,2020-11-20,1 day ahead inc hosp,25
2020-11-21,152,quantile,0.800,2020-11-20,1 day ahead inc hosp,25
2020-11-21,156,quantile,0.850,2020-11-20,1 day ahead inc hosp,25
2020-11-21,161,quantile,0.900,2020-11-20,1 day ahead inc hosp,25
2020-11-21,169,quantile,0.950,2020-11-20,1 day ahead inc hosp,25
2020-11-21,176,quantile,0.975,2020-11-20,1 day ahead inc hosp,25
2020-11-21,185,quantile,0.990,2020-11-20,1 day ahead inc hosp,25
2020-11-22,90,quantile,0.010,2020-11-20,2 day ahead inc hosp,25
2020-11-22,96,quantile,0.025,2020-11-20,2 day ahead inc hosp,25
2020-11-22,102,quantile,0.050,2020-11-20,2 day ahead inc hosp,25
2020-11-22,108,quantile,0.100,2020-11-20,2 day ahead inc hosp,25
2020-11-22,113,quantile,0.150,2020-11-20,2 day ahead inc hosp,25
2020-11-22,116,quantile,0.200,2020-11-20,2 day ahead inc hosp,25
2020-11-22,120,quantile,0.250,2020-11-20,2 day ahead inc hosp,25
2020-11-22,123,quantile,0.300,2020-11-20,2 day ahead inc hosp,25
2020-11-22,125,quantile,0.350,2020-11-20,2 day ahead inc hosp,25
2020-11-22,128,quantile,0.400,2020-11-20,2 day ahead inc hosp,25
2020-11-22,131,quantile,0.450,2020-11-20,2 day ahead inc hosp,25
2020-11-22,133,quantile,0.500,2020-11-20,2 day ahead inc hosp,25
2020-11-22,135,point,NA,2020-11-20,2 day ahead inc hosp,25
2020-11-22,136,quantile,0.550,2020-11-20,2 day ahead inc hosp,25
2020-11-22,139,quantile,0.600,2020-11-20,2 day ahead inc hosp,25
2020-11-22,142,quantile,0.650,2020-11-20,2 day ahead inc hosp,25
2020-11-22,145,quantile,0.700,2020-11-20,2 day ahead inc hosp,25
2020-11-22,148,quantile,0.750,2020-11-20,2 day ahead inc hosp,25
2020-11-22,152,quantile,0.800,2020-11-20,2 day ahead inc hosp,25
2020-11-22,157,quantile,0.850,2020-11-20,2 day ahead inc hosp,25
2020-11-22,163,quantile,0.900,2020-11-20,2 day ahead inc hosp,25
2020-11-22,172,quantile,0.950,2020-11-20,2 day ahead inc hosp,25
2020-11-22,180,quantile,0.975,2020-11-20,2 day ahead inc hosp,25
2020-11-22,190,quantile,0.990,2020-11-20,2 day ahead inc hosp,25
2020-11-23,90,quantile,0.010,2020-11-20,3 day ahead inc hosp,25
2020-11-23,96,quantile,0.025,2020-11-20,3 day ahead inc hosp,25
2020-11-23,102,quantile,0.050,2020-11-20,3 day ahead inc hosp,25
2020-11-23,109,quantile,0.100,2020-11-20,3 day ahead inc hosp,25
2020-11-23,113,quantile,0.150,2020-11-20,3 day ahead inc hosp,25
2020-11-23,117,quantile,0.200,2020-11-20,3 day ahead inc hosp,25
2020-11-23,121,quantile,0.250,2020-11-20,3 day ahead inc hosp,25
2020-11-23,124,quantile,0.300,2020-11-20,3 day ahead inc hosp,25
2020-11-23,127,quantile,0.350,2020-11-20,3 day ahead inc hosp,25
2020-11-23,129,quantile,0.400,2020-11-20,3 day ahead inc hosp,25
2020-11-23,132,quantile,0.450,2020-11-20,3 day ahead inc hosp,25
2020-11-23,135,quantile,0.500,2020-11-20,3 day ahead inc hosp,25
2020-11-23,136,point,NA,2020-11-20,3 day ahead inc hosp,25
2020-11-23,138,quantile,0.550,2020-11-20,3 day ahead inc hosp,25
2020-11-23,141,quantile,0.600,2020-11-20,3 day ahead inc hosp,25
2020-11-23,144,quantile,0.650,2020-11-20,3 day ahead inc hosp,25
2020-11-23,147,quantile,0.700,2020-11-20,3 day ahead inc hosp,25
2020-11-23,151,quantile,0.750,2020-11-20,3 day ahead inc hosp,25
2020-11-23,155,quantile,0.800,2020-11-20,3 day ahead inc hosp,25
2020-11-23,160,quantile,0.850,2020-11-20,3 day ahead inc hosp,25
2020-11-23,166,quantile,0.900,2020-11-20,3 day ahead inc hosp,25
2020-11-23,176,quantile,0.950,2020-11-20,3 day ahead inc hosp,25
2020-11-23,185,quantile,0.975,2020-11-20,3 day ahead inc hosp,25
2020-11-23,195,quantile,0.990,2020-11-20,3 day ahead inc hosp,25
2020-11-24,90,quantile,0.010,2020-11-20,4 day ahead inc hosp,25
2020-11-24,96,quantile,0.025,2020-11-20,4 day ahead inc hosp,25
2020-11-24,102,quantile,0.050,2020-11-20,4 day ahead inc hosp,25
2020-11-24,109,quantile,0.100,2020-11-20,4 day ahead inc hosp,25
2020-11-24,114,quantile,0.150,2020-11-20,4 day ahead inc hosp,25
2020-11-24,118,quantile,0.200,2020-11-20,4 day ahead inc hosp,25
2020-11-24,122,quantile,0.250,2020-11-20,4 day ahead inc hosp,25
2020-11-24,125,quantile,0.300,2020-11-20,4 day ahead inc hosp,25
2020-11-24,128,quantile,0.350,2020-11-20,4 day ahead inc hosp,25
2020-11-24,131,quantile,0.400,2020-11-20,4 day ahead inc hosp,25
2020-11-24,134,quantile,0.450,2020-11-20,4 day ahead inc hosp,25
2020-11-24,137,quantile,0.500,2020-11-20,4 day ahead inc hosp,25
2020-11-24,138,point,NA,2020-11-20,4 day ahead inc hosp,25
2020-11-24,140,quantile,0.550,2020-11-20,4 day ahead inc hosp,25
2020-11-24,143,quantile,0.600,2020-11-20,4 day ahead inc hosp,25
2020-11-24,146,quantile,0.650,2020-11-20,4 day ahead inc hosp,25
2020-11-24,150,quantile,0.700,2020-11-20,4 day ahead inc hosp,25
2020-11-24,153,quantile,0.750,2020-11-20,4 day ahead inc hosp,25
2020-11-24,158,quantile,0.800,2020-11-20,4 day ahead inc hosp,25
2020-11-24,163,quantile,0.850,2020-11-20,4 day ahead inc hosp,25
2020-11-24,170,quantile,0.900,2020-11-20,4 day ahead inc hosp,25
2020-11-24,180,quantile,0.950,2020-11-20,4 day ahead inc hosp,25
2020-11-24,189,quantile,0.975,2020-11-20,4 day ahead inc hosp,25
2020-11-24,200,quantile,0.990,2020-11-20,4 day ahead inc hosp,25
2020-11-25,89,quantile,0.010,2020-11-20,5 day ahead inc hosp,25
2020-11-25,96,quantile,0.025,2020-11-20,5 day ahead inc hosp,25
2020-11-25,102,quantile,0.050,2020-11-20,5 day ahead inc hosp,25
2020-11-25,110,quantile,0.100,2020-11-20,5 day ahead inc hosp,25
2020-11-25,115,quantile,0.150,2020-11-20,5 day ahead inc hosp,25
2020-11-25,119,quantile,0.200,2020-11-20,5 day ahead inc hosp,25
2020-11-25,123,quantile,0.250,2020-11-20,5 day ahead inc hosp,25
2020-11-25,126,quantile,0.300,2020-11-20,5 day ahead inc hosp,25
2020-11-25,129,quantile,0.350,2020-11-20,5 day ahead inc hosp,25
2020-11-25,132,quantile,0.400,2020-11-20,5 day ahead inc hosp,25
2020-11-25,136,quantile,0.450,2020-11-20,5 day ahead inc hosp,25
2020-11-25,139,quantile,0.500,2020-11-20,5 day ahead inc hosp,25
2020-11-25,140,point,NA,2020-11-20,5 day ahead inc hosp,25
2020-11-25,142,quantile,0.550,2020-11-20,5 day ahead inc hosp,25
2020-11-25,145,quantile,0.600,2020-11-20,5 day ahead inc hosp,25
2020-11-25,148,quantile,0.650,2020-11-20,5 day ahead inc hosp,25
2020-11-25,152,quantile,0.700,2020-11-20,5 day ahead inc hosp,25
2020-11-25,156,quantile,0.750,2020-11-20,5 day ahead inc hosp,25
2020-11-25,161,quantile,0.800,2020-11-20,5 day ahead inc hosp,25
2020-11-25,166,quantile,0.850,2020-11-20,5 day ahead inc hosp,25
2020-11-25,173,quantile,0.900,2020-11-20,5 day ahead inc hosp,25
2020-11-25,184,quantile,0.950,2020-11-20,5 day ahead inc hosp,25
2020-11-25,194,quantile,0.975,2020-11-20,5 day ahead inc hosp,25
2020-11-25,206,quantile,0.990,2020-11-20,5 day ahead inc hosp,25
2020-11-26,89,quantile,0.010,2020-11-20,6 day ahead inc hosp,25
2020-11-26,96,quantile,0.025,2020-11-20,6 day ahead inc hosp,25
2020-11-26,103,quantile,0.050,2020-11-20,6 day ahead inc hosp,25
2020-11-26,110,quantile,0.100,2020-11-20,6 day ahead inc hosp,25
2020-11-26,116,quantile,0.150,2020-11-20,6 day ahead inc hosp,25
2020-11-26,120,quantile,0.200,2020-11-20,6 day ahead inc hosp,25
2020-11-26,124,quantile,0.250,2020-11-20,6 day ahead inc hosp,25
2020-11-26,127,quantile,0.300,2020-11-20,6 day ahead inc hosp,25
2020-11-26,131,quantile,0.350,2020-11-20,6 day ahead inc hosp,25
2020-11-26,134,quantile,0.400,2020-11-20,6 day ahead inc hosp,25
2020-11-26,137,quantile,0.450,2020-11-20,6 day ahead inc hosp,25
2020-11-26,140,quantile,0.500,2020-11-20,6 day ahead inc hosp,25
2020-11-26,142,point,NA,2020-11-20,6 day ahead inc hosp,25
2020-11-26,144,quantile,0.550,2020-11-20,6 day ahead inc hosp,25
2020-11-26,147,quantile,0.600,2020-11-20,6 day ahead inc hosp,25
2020-11-26,151,quantile,0.650,2020-11-20,6 day ahead inc hosp,25
2020-11-26,154,quantile,0.700,2020-11-20,6 day ahead inc hosp,25
2020-11-26,159,quantile,0.750,2020-11-20,6 day ahead inc hosp,25
2020-11-26,163,quantile,0.800,2020-11-20,6 day ahead inc hosp,25
2020-11-26,169,quantile,0.850,2020-11-20,6 day ahead inc hosp,25
2020-11-26,176,quantile,0.900,2020-11-20,6 day ahead inc hosp,25
2020-11-26,188,quantile,0.950,2020-11-20,6 day ahead inc hosp,25
2020-11-26,198,quantile,0.975,2020-11-20,6 day ahead inc hosp,25
2020-11-26,211,quantile,0.990,2020-11-20,6 day ahead inc hosp,25
2020-11-27,89,quantile,0.010,2020-11-20,7 day ahead inc hosp,25
2020-11-27,96,quantile,0.025,2020-11-20,7 day ahead inc hosp,25
2020-11-27,103,quantile,0.050,2020-11-20,7 day ahead inc hosp,25
2020-11-27,111,quantile,0.100,2020-11-20,7 day ahead inc hosp,25
2020-11-27,116,quantile,0.150,2020-11-20,7 day ahead inc hosp,25
2020-11-27,121,quantile,0.200,2020-11-20,7 day ahead inc hosp,25
2020-11-27,125,quantile,0.250,2020-11-20,7 day ahead inc hosp,25
2020-11-27,129,quantile,0.300,2020-11-20,7 day ahead inc hosp,25
2020-11-27,132,quantile,0.350,2020-11-20,7 day ahead inc hosp,25
2020-11-27,136,quantile,0.400,2020-11-20,7 day ahead inc hosp,25
2020-11-27,139,quantile,0.450,2020-11-20,7 day ahead inc hosp,25
2020-11-27,142,quantile,0.500,2020-11-20,7 day ahead inc hosp,25
2020-11-27,144,point,NA,2020-11-20,7 day ahead inc hosp,25
2020-11-27,146,quantile,0.550,2020-11-20,7 day ahead inc hosp,25
2020-11-27,149,quantile,0.600,2020-11-20,7 day ahead inc hosp,25
2020-11-27,153,quantile,0.650,2020-11-20,7 day ahead inc hosp,25
2020-11-27,157,quantile,0.700,2020-11-20,7 day ahead inc hosp,25
2020-11-27,161,quantile,0.750,2020-11-20,7 day ahead inc hosp,25
2020-11-27,166,quantile,0.800,2020-11-20,7 day ahead inc hosp,25
2020-11-27,172,quantile,0.850,2020-11-20,7 day ahead inc hosp,25
2020-11-27,180,quantile,0.900,2020-11-20,7 day ahead inc hosp,25
2020-11-27,192,quantile,0.950,2020-11-20,7 day ahead inc hosp,25
2020-11-27,203,quantile,0.975,2020-11-20,7 day ahead inc hosp,25
2020-11-27,216,quantile,0.990,2020-11-20,7 day ahead inc hosp,25
2020-11-28,89,quantile,0.010,2020-11-20,8 day ahead inc hosp,25
2020-11-28,97,quantile,0.025,2020-11-20,8 day ahead inc hosp,25
2020-11-28,103,quantile,0.050,2020-11-20,8 day ahead inc hosp,25
2020-11-28,111,quantile,0.100,2020-11-20,8 day ahead inc hosp,25
2020-11-28,117,quantile,0.150,2020-11-20,8 day ahead inc hosp,25
2020-11-28,122,quantile,0.200,2020-11-20,8 day ahead inc hosp,25
2020-11-28,126,quantile,0.250,2020-11-20,8 day ahead inc hosp,25
2020-11-28,130,quantile,0.300,2020-11-20,8 day ahead inc hosp,25
2020-11-28,134,quantile,0.350,2020-11-20,8 day ahead inc hosp,25
2020-11-28,137,quantile,0.400,2020-11-20,8 day ahead inc hosp,25
2020-11-28,141,quantile,0.450,2020-11-20,8 day ahead inc hosp,25
2020-11-28,144,quantile,0.500,2020-11-20,8 day ahead inc hosp,25
2020-11-28,146,point,NA,2020-11-20,8 day ahead inc hosp,25
2020-11-28,148,quantile,0.550,2020-11-20,8 day ahead inc hosp,25
2020-11-28,151,quantile,0.600,2020-11-20,8 day ahead inc hosp,25
2020-11-28,155,quantile,0.650,2020-11-20,8 day ahead inc hosp,25
2020-11-28,159,quantile,0.700,2020-11-20,8 day ahead inc hosp,25
2020-11-28,164,quantile,0.750,2020-11-20,8 day ahead inc hosp,25
2020-11-28,169,quantile,0.800,2020-11-20,8 day ahead inc hosp,25
2020-11-28,175,quantile,0.850,2020-11-20,8 day ahead inc hosp,25
2020-11-28,183,quantile,0.900,2020-11-20,8 day ahead inc hosp,25
2020-11-28,196,quantile,0.950,2020-11-20,8 day ahead inc hosp,25
2020-11-28,207,quantile,0.975,2020-11-20,8 day ahead inc hosp,25
2020-11-28,221,quantile,0.990,2020-11-20,8 day ahead inc hosp,25
2020-11-29,89,quantile,0.010,2020-11-20,9 day ahead inc hosp,25
2020-11-29,97,quantile,0.025,2020-11-20,9 day ahead inc hosp,25
2020-11-29,104,quantile,0.050,2020-11-20,9 day ahead inc hosp,25
2020-11-29,112,quantile,0.100,2020-11-20,9 day ahead inc hosp,25
2020-11-29,118,quantile,0.150,2020-11-20,9 day ahead inc hosp,25
2020-11-29,123,quantile,0.200,2020-11-20,9 day ahead inc hosp,25
2020-11-29,127,quantile,0.250,2020-11-20,9 day ahead inc hosp,25
2020-11-29,131,quantile,0.300,2020-11-20,9 day ahead inc hosp,25
2020-11-29,135,quantile,0.350,2020-11-20,9 day ahead inc hosp,25
2020-11-29,139,quantile,0.400,2020-11-20,9 day ahead inc hosp,25
2020-11-29,142,quantile,0.450,2020-11-20,9 day ahead inc hosp,25
2020-11-29,146,quantile,0.500,2020-11-20,9 day ahead inc hosp,25
2020-11-29,148,point,NA,2020-11-20,9 day ahead inc hosp,25
2020-11-29,150,quantile,0.550,2020-11-20,9 day ahead inc hosp,25
2020-11-29,153,quantile,0.600,2020-11-20,9 day ahead inc hosp,25
2020-11-29,157,quantile,0.650,2020-11-20,9 day ahead inc hosp,25
2020-11-29,162,quantile,0.700,2020-11-20,9 day ahead inc hosp,25
2020-11-29,166,quantile,0.750,2020-11-20,9 day ahead inc hosp,25
2020-11-29,172,quantile,0.800,2020-11-20,9 day ahead inc hosp,25
2020-11-29,178,quantile,0.850,2020-11-20,9 day ahead inc hosp,25
2020-11-29,187,quantile,0.900,2020-11-20,9 day ahead inc hosp,25
2020-11-29,200,quantile,0.950,2020-11-20,9 day ahead inc hosp,25
2020-11-29,212,quantile,0.975,2020-11-20,9 day ahead inc hosp,25
2020-11-29,226,quantile,0.990,2020-11-20,9 day ahead inc hosp,25
2020-11-30,89,quantile,0.010,2020-11-20,10 day ahead inc hosp,25
2020-11-30,97,quantile,0.025,2020-11-20,10 day ahead inc hosp,25
2020-11-30,104,quantile,0.050,2020-11-20,10 day ahead inc hosp,25
2020-11-30,113,quantile,0.100,2020-11-20,10 day ahead inc hosp,25
2020-11-30,119,quantile,0.150,2020-11-20,10 day ahead inc hosp,25
2020-11-30,124,quantile,0.200,2020-11-20,10 day ahead inc hosp,25
2020-11-30,128,quantile,0.250,2020-11-20,10 day ahead inc hosp,25
2020-11-30,133,quantile,0.300,2020-11-20,10 day ahead inc hosp,25
2020-11-30,136,quantile,0.350,2020-11-20,10 day ahead inc hosp,25
2020-11-30,140,quantile,0.400,2020-11-20,10 day ahead inc hosp,25
2020-11-30,144,quantile,0.450,2020-11-20,10 day ahead inc hosp,25
2020-11-30,148,quantile,0.500,2020-11-20,10 day ahead inc hosp,25
2020-11-30,150,point,NA,2020-11-20,10 day ahead inc hosp,25
2020-11-30,152,quantile,0.550,2020-11-20,10 day ahead inc hosp,25
2020-11-30,155,quantile,0.600,2020-11-20,10 day ahead inc hosp,25
2020-11-30,160,quantile,0.650,2020-11-20,10 day ahead inc hosp,25
2020-11-30,164,quantile,0.700,2020-11-20,10 day ahead inc hosp,25
2020-11-30,169,quantile,0.750,2020-11-20,10 day ahead inc hosp,25
2020-11-30,175,quantile,0.800,2020-11-20,10 day ahead inc hosp,25
2020-11-30,181,quantile,0.850,2020-11-20,10 day ahead inc hosp,25
2020-11-30,190,quantile,0.900,2020-11-20,10 day ahead inc hosp,25
2020-11-30,204,quantile,0.950,2020-11-20,10 day ahead inc hosp,25
2020-11-30,216,quantile,0.975,2020-11-20,10 day ahead inc hosp,25
2020-11-30,231,quantile,0.990,2020-11-20,10 day ahead inc hosp,25
2020-12-01,89,quantile,0.010,2020-11-20,11 day ahead inc hosp,25
2020-12-01,97,quantile,0.025,2020-11-20,11 day ahead inc hosp,25
2020-12-01,104,quantile,0.050,2020-11-20,11 day ahead inc hosp,25
2020-12-01,113,quantile,0.100,2020-11-20,11 day ahead inc hosp,25
2020-12-01,120,quantile,0.150,2020-11-20,11 day ahead inc hosp,25
2020-12-01,125,quantile,0.200,2020-11-20,11 day ahead inc hosp,25
2020-12-01,130,quantile,0.250,2020-11-20,11 day ahead inc hosp,25
2020-12-01,134,quantile,0.300,2020-11-20,11 day ahead inc hosp,25
2020-12-01,138,quantile,0.350,2020-11-20,11 day ahead inc hosp,25
2020-12-01,142,quantile,0.400,2020-11-20,11 day ahead inc hosp,25
2020-12-01,146,quantile,0.450,2020-11-20,11 day ahead inc hosp,25
2020-12-01,150,quantile,0.500,2020-11-20,11 day ahead inc hosp,25
2020-12-01,152,point,NA,2020-11-20,11 day ahead inc hosp,25
2020-12-01,154,quantile,0.550,2020-11-20,11 day ahead inc hosp,25
2020-12-01,158,quantile,0.600,2020-11-20,11 day ahead inc hosp,25
2020-12-01,162,quantile,0.650,2020-11-20,11 day ahead inc hosp,25
2020-12-01,167,quantile,0.700,2020-11-20,11 day ahead inc hosp,25
2020-12-01,172,quantile,0.750,2020-11-20,11 day ahead inc hosp,25
2020-12-01,178,quantile,0.800,2020-11-20,11 day ahead inc hosp,25
2020-12-01,185,quantile,0.850,2020-11-20,11 day ahead inc hosp,25
2020-12-01,194,quantile,0.900,2020-11-20,11 day ahead inc hosp,25
2020-12-01,208,quantile,0.950,2020-11-20,11 day ahead inc hosp,25
2020-12-01,221,quantile,0.975,2020-11-20,11 day ahead inc hosp,25
2020-12-01,236,quantile,0.990,2020-11-20,11 day ahead inc hosp,25
2020-12-02,89,quantile,0.010,2020-11-20,12 day ahead inc hosp,25
2020-12-02,97,quantile,0.025,2020-11-20,12 day ahead inc hosp,25
2020-12-02,105,quantile,0.050,2020-11-20,12 day ahead inc hosp,25
2020-12-02,114,quantile,0.100,2020-11-20,12 day ahead inc hosp,25
2020-12-02,121,quantile,0.150,2020-11-20,12 day ahead inc hosp,25
2020-12-02,126,quantile,0.200,2020-11-20,12 day ahead inc hosp,25
2020-12-02,131,quantile,0.250,2020-11-20,12 day ahead inc hosp,25
2020-12-02,135,quantile,0.300,2020-11-20,12 day ahead inc hosp,25
2020-12-02,139,quantile,0.350,2020-11-20,12 day ahead inc hosp,25
2020-12-02,143,quantile,0.400,2020-11-20,12 day ahead inc hosp,25
2020-12-02,147,quantile,0.450,2020-11-20,12 day ahead inc hosp,25
2020-12-02,151,quantile,0.500,2020-11-20,12 day ahead inc hosp,25
2020-12-02,154,point,NA,2020-11-20,12 day ahead inc hosp,25
2020-12-02,156,quantile,0.550,2020-11-20,12 day ahead inc hosp,25
2020-12-02,160,quantile,0.600,2020-11-20,12 day ahead inc hosp,25
2020-12-02,164,quantile,0.650,2020-11-20,12 day ahead inc hosp,25
2020-12-02,169,quantile,0.700,2020-11-20,12 day ahead inc hosp,25
2020-12-02,174,quantile,0.750,2020-11-20,12 day ahead inc hosp,25
2020-12-02,181,quantile,0.800,2020-11-20,12 day ahead inc hosp,25
2020-12-02,188,quantile,0.850,2020-11-20,12 day ahead inc hosp,25
2020-12-02,197,quantile,0.900,2020-11-20,12 day ahead inc hosp,25
2020-12-02,212,quantile,0.950,2020-11-20,12 day ahead inc hosp,25
2020-12-02,225,quantile,0.975,2020-11-20,12 day ahead inc hosp,25
2020-12-02,242,quantile,0.990,2020-11-20,12 day ahead inc hosp,25
2020-12-03,89,quantile,0.010,2020-11-20,13 day ahead inc hosp,25
2020-12-03,98,quantile,0.025,2020-11-20,13 day ahead inc hosp,25
2020-12-03,105,quantile,0.050,2020-11-20,13 day ahead inc hosp,25
2020-12-03,115,quantile,0.100,2020-11-20,13 day ahead inc hosp,25
2020-12-03,122,quantile,0.150,2020-11-20,13 day ahead inc hosp,25
2020-12-03,127,quantile,0.200,2020-11-20,13 day ahead inc hosp,25
2020-12-03,132,quantile,0.250,2020-11-20,13 day ahead inc hosp,25
2020-12-03,137,quantile,0.300,2020-11-20,13 day ahead inc hosp,25
2020-12-03,141,quantile,0.350,2020-11-20,13 day ahead inc hosp,25
2020-12-03,145,quantile,0.400,2020-11-20,13 day ahead inc hosp,25
2020-12-03,149,quantile,0.450,2020-11-20,13 day ahead inc hosp,25
2020-12-03,153,quantile,0.500,2020-11-20,13 day ahead inc hosp,25
2020-12-03,156,point,NA,2020-11-20,13 day ahead inc hosp,25
2020-12-03,158,quantile,0.550,2020-11-20,13 day ahead inc hosp,25
2020-12-03,162,quantile,0.600,2020-11-20,13 day ahead inc hosp,25
2020-12-03,167,quantile,0.650,2020-11-20,13 day ahead inc hosp,25
2020-12-03,172,quantile,0.700,2020-11-20,13 day ahead inc hosp,25
2020-12-03,177,quantile,0.750,2020-11-20,13 day ahead inc hosp,25
2020-12-03,183,quantile,0.800,2020-11-20,13 day ahead inc hosp,25
2020-12-03,191,quantile,0.850,2020-11-20,13 day ahead inc hosp,25
2020-12-03,201,quantile,0.900,2020-11-20,13 day ahead inc hosp,25
2020-12-03,216,quantile,0.950,2020-11-20,13 day ahead inc hosp,25
2020-12-03,230,quantile,0.975,2020-11-20,13 day ahead inc hosp,25
2020-12-03,247,quantile,0.990,2020-11-20,13 day ahead inc hosp,25
2020-12-04,89,quantile,0.010,2020-11-20,14 day ahead inc hosp,25
2020-12-04,98,quantile,0.025,2020-11-20,14 day ahead inc hosp,25
2020-12-04,106,quantile,0.050,2020-11-20,14 day ahead inc hosp,25
2020-12-04,116,quantile,0.100,2020-11-20,14 day ahead inc hosp,25
2020-12-04,123,quantile,0.150,2020-11-20,14 day ahead inc hosp,25
2020-12-04,128,quantile,0.200,2020-11-20,14 day ahead inc hosp,25
2020-12-04,133,quantile,0.250,2020-11-20,14 day ahead inc hosp,25
2020-12-04,138,quantile,0.300,2020-11-20,14 day ahead inc hosp,25
2020-12-04,142,quantile,0.350,2020-11-20,14 day ahead inc hosp,25
2020-12-04,147,quantile,0.400,2020-11-20,14 day ahead inc hosp,25
2020-12-04,151,quantile,0.450,2020-11-20,14 day ahead inc hosp,25
2020-12-04,155,quantile,0.500,2020-11-20,14 day ahead inc hosp,25
2020-12-04,158,point,NA,2020-11-20,14 day ahead inc hosp,25
2020-12-04,160,quantile,0.550,2020-11-20,14 day ahead inc hosp,25
2020-12-04,164,quantile,0.600,2020-11-20,14 day ahead inc hosp,25
2020-12-04,169,quantile,0.650,2020-11-20,14 day ahead inc hosp,25
2020-12-04,174,quantile,0.700,2020-11-20,14 day ahead inc hosp,25
2020-12-04,180,quantile,0.750,2020-11-20,14 day ahead inc hosp,25
2020-12-04,186,quantile,0.800,2020-11-20,14 day ahead inc hosp,25
2020-12-04,194,quantile,0.850,2020-11-20,14 day ahead inc hosp,25
2020-12-04,204,quantile,0.900,2020-11-20,14 day ahead inc hosp,25
2020-12-04,220,quantile,0.950,2020-11-20,14 day ahead inc hosp,25
2020-12-04,234,quantile,0.975,2020-11-20,14 day ahead inc hosp,25
2020-12-04,252,quantile,0.990,2020-11-20,14 day ahead inc hosp,25
2020-12-05,90,quantile,0.010,2020-11-20,15 day ahead inc hosp,25
2020-12-05,98,quantile,0.025,2020-11-20,15 day ahead inc hosp,25
2020-12-05,107,quantile,0.050,2020-11-20,15 day ahead inc hosp,25
2020-12-05,117,quantile,0.100,2020-11-20,15 day ahead inc hosp,25
2020-12-05,124,quantile,0.150,2020-11-20,15 day ahead inc hosp,25
2020-12-05,129,quantile,0.200,2020-11-20,15 day ahead inc hosp,25
2020-12-05,135,quantile,0.250,2020-11-20,15 day ahead inc hosp,25
2020-12-05,139,quantile,0.300,2020-11-20,15 day ahead inc hosp,25
2020-12-05,144,quantile,0.350,2020-11-20,15 day ahead inc hosp,25
2020-12-05,148,quantile,0.400,2020-11-20,15 day ahead inc hosp,25
2020-12-05,153,quantile,0.450,2020-11-20,15 day ahead inc hosp,25
2020-12-05,157,quantile,0.500,2020-11-20,15 day ahead inc hosp,25
2020-12-05,160,point,NA,2020-11-20,15 day ahead inc hosp,25
2020-12-05,162,quantile,0.550,2020-11-20,15 day ahead inc hosp,25
2020-12-05,166,quantile,0.600,2020-11-20,15 day ahead inc hosp,25
2020-12-05,171,quantile,0.650,2020-11-20,15 day ahead inc hosp,25
2020-12-05,177,quantile,0.700,2020-11-20,15 day ahead inc hosp,25
2020-12-05,183,quantile,0.750,2020-11-20,15 day ahead inc hosp,25
2020-12-05,189,quantile,0.800,2020-11-20,15 day ahead inc hosp,25
2020-12-05,197,quantile,0.850,2020-11-20,15 day ahead inc hosp,25
2020-12-05,208,quantile,0.900,2020-11-20,15 day ahead inc hosp,25
2020-12-05,224,quantile,0.950,2020-11-20,15 day ahead inc hosp,25
2020-12-05,239,quantile,0.975,2020-11-20,15 day ahead inc hosp,25
2020-12-05,257,quantile,0.990,2020-11-20,15 day ahead inc hosp,25
2020-12-06,90,quantile,0.010,2020-11-20,16 day ahead inc hosp,25
2020-12-06,99,quantile,0.025,2020-11-20,16 day ahead inc hosp,25
2020-12-06,107,quantile,0.050,2020-11-20,16 day ahead inc hosp,25
2020-12-06,117,quantile,0.100,2020-11-20,16 day ahead inc hosp,25
2020-12-06,125,quantile,0.150,2020-11-20,16 day ahead inc hosp,25
2020-12-06,131,quantile,0.200,2020-11-20,16 day ahead inc hosp,25
2020-12-06,136,quantile,0.250,2020-11-20,16 day ahead inc hosp,25
2020-12-06,141,quantile,0.300,2020-11-20,16 day ahead inc hosp,25
2020-12-06,146,quantile,0.350,2020-11-20,16 day ahead inc hosp,25
2020-12-06,150,quantile,0.400,2020-11-20,16 day ahead inc hosp,25
2020-12-06,155,quantile,0.450,2020-11-20,16 day ahead inc hosp,25
2020-12-06,159,quantile,0.500,2020-11-20,16 day ahead inc hosp,25
2020-12-06,162,point,NA,2020-11-20,16 day ahead inc hosp,25
2020-12-06,164,quantile,0.550,2020-11-20,16 day ahead inc hosp,25
2020-12-06,169,quantile,0.600,2020-11-20,16 day ahead inc hosp,25
2020-12-06,174,quantile,0.650,2020-11-20,16 day ahead inc hosp,25
2020-12-06,179,quantile,0.700,2020-11-20,16 day ahead inc hosp,25
2020-12-06,185,quantile,0.750,2020-11-20,16 day ahead inc hosp,25
2020-12-06,192,quantile,0.800,2020-11-20,16 day ahead inc hosp,25
2020-12-06,201,quantile,0.850,2020-11-20,16 day ahead inc hosp,25
2020-12-06,211,quantile,0.900,2020-11-20,16 day ahead inc hosp,25
2020-12-06,228,quantile,0.950,2020-11-20,16 day ahead inc hosp,25
2020-12-06,244,quantile,0.975,2020-11-20,16 day ahead inc hosp,25
2020-12-06,263,quantile,0.990,2020-11-20,16 day ahead inc hosp,25
2020-12-07,90,quantile,0.010,2020-11-20,17 day ahead inc hosp,25
2020-12-07,99,quantile,0.025,2020-11-20,17 day ahead inc hosp,25
2020-12-07,108,quantile,0.050,2020-11-20,17 day ahead inc hosp,25
2020-12-07,118,quantile,0.100,2020-11-20,17 day ahead inc hosp,25
2020-12-07,126,quantile,0.150,2020-11-20,17 day ahead inc hosp,25
2020-12-07,132,quantile,0.200,2020-11-20,17 day ahead inc hosp,25
2020-12-07,137,quantile,0.250,2020-11-20,17 day ahead inc hosp,25
2020-12-07,142,quantile,0.300,2020-11-20,17 day ahead inc hosp,25
2020-12-07,147,quantile,0.350,2020-11-20,17 day ahead inc hosp,25
2020-12-07,152,quantile,0.400,2020-11-20,17 day ahead inc hosp,25
2020-12-07,157,quantile,0.450,2020-11-20,17 day ahead inc hosp,25
2020-12-07,161,quantile,0.500,2020-11-20,17 day ahead inc hosp,25
2020-12-07,165,point,NA,2020-11-20,17 day ahead inc hosp,25
2020-12-07,166,quantile,0.550,2020-11-20,17 day ahead inc hosp,25
2020-12-07,171,quantile,0.600,2020-11-20,17 day ahead inc hosp,25
2020-12-07,176,quantile,0.650,2020-11-20,17 day ahead inc hosp,25
2020-12-07,182,quantile,0.700,2020-11-20,17 day ahead inc hosp,25
2020-12-07,188,quantile,0.750,2020-11-20,17 day ahead inc hosp,25
2020-12-07,195,quantile,0.800,2020-11-20,17 day ahead inc hosp,25
2020-12-07,204,quantile,0.850,2020-11-20,17 day ahead inc hosp,25
2020-12-07,215,quantile,0.900,2020-11-20,17 day ahead inc hosp,25
2020-12-07,233,quantile,0.950,2020-11-20,17 day ahead inc hosp,25
2020-12-07,248,quantile,0.975,2020-11-20,17 day ahead inc hosp,25
2020-12-07,268,quantile,0.990,2020-11-20,17 day ahead inc hosp,25
2020-12-08,90,quantile,0.010,2020-11-20,18 day ahead inc hosp,25
2020-12-08,100,quantile,0.025,2020-11-20,18 day ahead inc hosp,25
2020-12-08,108,quantile,0.050,2020-11-20,18 day ahead inc hosp,25
2020-12-08,119,quantile,0.100,2020-11-20,18 day ahead inc hosp,25
2020-12-08,127,quantile,0.150,2020-11-20,18 day ahead inc hosp,25
2020-12-08,133,quantile,0.200,2020-11-20,18 day ahead inc hosp,25
2020-12-08,139,quantile,0.250,2020-11-20,18 day ahead inc hosp,25
2020-12-08,144,quantile,0.300,2020-11-20,18 day ahead inc hosp,25
2020-12-08,149,quantile,0.350,2020-11-20,18 day ahead inc hosp,25
2020-12-08,154,quantile,0.400,2020-11-20,18 day ahead inc hosp,25
2020-12-08,158,quantile,0.450,2020-11-20,18 day ahead inc hosp,25
2020-12-08,163,quantile,0.500,2020-11-20,18 day ahead inc hosp,25
2020-12-08,167,point,NA,2020-11-20,18 day ahead inc hosp,25
2020-12-08,168,quantile,0.550,2020-11-20,18 day ahead inc hosp,25
2020-12-08,173,quantile,0.600,2020-11-20,18 day ahead inc hosp,25
2020-12-08,179,quantile,0.650,2020-11-20,18 day ahead inc hosp,25
2020-12-08,184,quantile,0.700,2020-11-20,18 day ahead inc hosp,25
2020-12-08,191,quantile,0.750,2020-11-20,18 day ahead inc hosp,25
2020-12-08,198,quantile,0.800,2020-11-20,18 day ahead inc hosp,25
2020-12-08,207,quantile,0.850,2020-11-20,18 day ahead inc hosp,25
2020-12-08,219,quantile,0.900,2020-11-20,18 day ahead inc hosp,25
2020-12-08,237,quantile,0.950,2020-11-20,18 day ahead inc hosp,25
2020-12-08,253,quantile,0.975,2020-11-20,18 day ahead inc hosp,25
2020-12-08,273,quantile,0.990,2020-11-20,18 day ahead inc hosp,25
2020-12-09,90,quantile,0.010,2020-11-20,19 day ahead inc hosp,25
2020-12-09,100,quantile,0.025,2020-11-20,19 day ahead inc hosp,25
2020-12-09,109,quantile,0.050,2020-11-20,19 day ahead inc hosp,25
2020-12-09,120,quantile,0.100,2020-11-20,19 day ahead inc hosp,25
2020-12-09,128,quantile,0.150,2020-11-20,19 day ahead inc hosp,25
2020-12-09,134,quantile,0.200,2020-11-20,19 day ahead inc hosp,25
2020-12-09,140,quantile,0.250,2020-11-20,19 day ahead inc hosp,25
2020-12-09,145,quantile,0.300,2020-11-20,19 day ahead inc hosp,25
2020-12-09,150,quantile,0.350,2020-11-20,19 day ahead inc hosp,25
2020-12-09,155,quantile,0.400,2020-11-20,19 day ahead inc hosp,25
2020-12-09,160,quantile,0.450,2020-11-20,19 day ahead inc hosp,25
2020-12-09,165,quantile,0.500,2020-11-20,19 day ahead inc hosp,25
2020-12-09,169,point,NA,2020-11-20,19 day ahead inc hosp,25
2020-12-09,170,quantile,0.550,2020-11-20,19 day ahead inc hosp,25
2020-12-09,176,quantile,0.600,2020-11-20,19 day ahead inc hosp,25
2020-12-09,181,quantile,0.650,2020-11-20,19 day ahead inc hosp,25
2020-12-09,187,quantile,0.700,2020-11-20,19 day ahead inc hosp,25
2020-12-09,194,quantile,0.750,2020-11-20,19 day ahead inc hosp,25
2020-12-09,201,quantile,0.800,2020-11-20,19 day ahead inc hosp,25
2020-12-09,210,quantile,0.850,2020-11-20,19 day ahead inc hosp,25
2020-12-09,222,quantile,0.900,2020-11-20,19 day ahead inc hosp,25
2020-12-09,241,quantile,0.950,2020-11-20,19 day ahead inc hosp,25
2020-12-09,258,quantile,0.975,2020-11-20,19 day ahead inc hosp,25
2020-12-09,279,quantile,0.990,2020-11-20,19 day ahead inc hosp,25
2020-12-10,91,quantile,0.010,2020-11-20,20 day ahead inc hosp,25
2020-12-10,100,quantile,0.025,2020-11-20,20 day ahead inc hosp,25
2020-12-10,110,quantile,0.050,2020-11-20,20 day ahead inc hosp,25
2020-12-10,121,quantile,0.100,2020-11-20,20 day ahead inc hosp,25
2020-12-10,129,quantile,0.150,2020-11-20,20 day ahead inc hosp,25
2020-12-10,135,quantile,0.200,2020-11-20,20 day ahead inc hosp,25
2020-12-10,141,quantile,0.250,2020-11-20,20 day ahead inc hosp,25
2020-12-10,147,quantile,0.300,2020-11-20,20 day ahead inc hosp,25
2020-12-10,152,quantile,0.350,2020-11-20,20 day ahead inc hosp,25
2020-12-10,157,quantile,0.400,2020-11-20,20 day ahead inc hosp,25
2020-12-10,162,quantile,0.450,2020-11-20,20 day ahead inc hosp,25
2020-12-10,167,quantile,0.500,2020-11-20,20 day ahead inc hosp,25
2020-12-10,171,point,NA,2020-11-20,20 day ahead inc hosp,25
2020-12-10,172,quantile,0.550,2020-11-20,20 day ahead inc hosp,25
2020-12-10,178,quantile,0.600,2020-11-20,20 day ahead inc hosp,25
2020-12-10,184,quantile,0.650,2020-11-20,20 day ahead inc hosp,25
2020-12-10,190,quantile,0.700,2020-11-20,20 day ahead inc hosp,25
2020-12-10,197,quantile,0.750,2020-11-20,20 day ahead inc hosp,25
2020-12-10,204,quantile,0.800,2020-11-20,20 day ahead inc hosp,25
2020-12-10,214,quantile,0.850,2020-11-20,20 day ahead inc hosp,25
2020-12-10,226,quantile,0.900,2020-11-20,20 day ahead inc hosp,25
2020-12-10,245,quantile,0.950,2020-11-20,20 day ahead inc hosp,25
2020-12-10,263,quantile,0.975,2020-11-20,20 day ahead inc hosp,25
2020-12-10,284,quantile,0.990,2020-11-20,20 day ahead inc hosp,25
2020-12-11,91,quantile,0.010,2020-11-20,21 day ahead inc hosp,25
2020-12-11,101,quantile,0.025,2020-11-20,21 day ahead inc hosp,25
2020-12-11,110,quantile,0.050,2020-11-20,21 day ahead inc hosp,25
2020-12-11,122,quantile,0.100,2020-11-20,21 day ahead inc hosp,25
2020-12-11,130,quantile,0.150,2020-11-20,21 day ahead inc hosp,25
2020-12-11,137,quantile,0.200,2020-11-20,21 day ahead inc hosp,25
2020-12-11,143,quantile,0.250,2020-11-20,21 day ahead inc hosp,25
2020-12-11,148,quantile,0.300,2020-11-20,21 day ahead inc hosp,25
2020-12-11,154,quantile,0.350,2020-11-20,21 day ahead inc hosp,25
2020-12-11,159,quantile,0.400,2020-11-20,21 day ahead inc hosp,25
2020-12-11,164,quantile,0.450,2020-11-20,21 day ahead inc hosp,25
2020-12-11,169,quantile,0.500,2020-11-20,21 day ahead inc hosp,25
2020-12-11,173,point,NA,2020-11-20,21 day ahead inc hosp,25
2020-12-11,175,quantile,0.550,2020-11-20,21 day ahead inc hosp,25
2020-12-11,180,quantile,0.600,2020-11-20,21 day ahead inc hosp,25
2020-12-11,186,quantile,0.650,2020-11-20,21 day ahead inc hosp,25
2020-12-11,192,quantile,0.700,2020-11-20,21 day ahead inc hosp,25
2020-12-11,199,quantile,0.750,2020-11-20,21 day ahead inc hosp,25
2020-12-11,207,quantile,0.800,2020-11-20,21 day ahead inc hosp,25
2020-12-11,217,quantile,0.850,2020-11-20,21 day ahead inc hosp,25
2020-12-11,230,quantile,0.900,2020-11-20,21 day ahead inc hosp,25
2020-12-11,249,quantile,0.950,2020-11-20,21 day ahead inc hosp,25
2020-12-11,268,quantile,0.975,2020-11-20,21 day ahead inc hosp,25
2020-12-11,290,quantile,0.990,2020-11-20,21 day ahead inc hosp,25
2020-12-12,91,quantile,0.010,2020-11-20,22 day ahead inc hosp,25
2020-12-12,101,quantile,0.025,2020-11-20,22 day ahead inc hosp,25
2020-12-12,111,quantile,0.050,2020-11-20,22 day ahead inc hosp,25
2020-12-12,123,quantile,0.100,2020-11-20,22 day ahead inc hosp,25
2020-12-12,131,quantile,0.150,2020-11-20,22 day ahead inc hosp,25
2020-12-12,138,quantile,0.200,2020-11-20,22 day ahead inc hosp,25
2020-12-12,144,quantile,0.250,2020-11-20,22 day ahead inc hosp,25
2020-12-12,150,quantile,0.300,2020-11-20,22 day ahead inc hosp,25
2020-12-12,155,quantile,0.350,2020-11-20,22 day ahead inc hosp,25
2020-12-12,161,quantile,0.400,2020-11-20,22 day ahead inc hosp,25
2020-12-12,166,quantile,0.450,2020-11-20,22 day ahead inc hosp,25
2020-12-12,171,quantile,0.500,2020-11-20,22 day ahead inc hosp,25
2020-12-12,175,point,NA,2020-11-20,22 day ahead inc hosp,25
2020-12-12,177,quantile,0.550,2020-11-20,22 day ahead inc hosp,25
2020-12-12,183,quantile,0.600,2020-11-20,22 day ahead inc hosp,25
2020-12-12,189,quantile,0.650,2020-11-20,22 day ahead inc hosp,25
2020-12-12,195,quantile,0.700,2020-11-20,22 day ahead inc hosp,25
2020-12-12,202,quantile,0.750,2020-11-20,22 day ahead inc hosp,25
2020-12-12,211,quantile,0.800,2020-11-20,22 day ahead inc hosp,25
2020-12-12,220,quantile,0.850,2020-11-20,22 day ahead inc hosp,25
2020-12-12,233,quantile,0.900,2020-11-20,22 day ahead inc hosp,25
2020-12-12,254,quantile,0.950,2020-11-20,22 day ahead inc hosp,25
2020-12-12,272,quantile,0.975,2020-11-20,22 day ahead inc hosp,25
2020-12-12,295,quantile,0.990,2020-11-20,22 day ahead inc hosp,25
2020-12-13,92,quantile,0.010,2020-11-20,23 day ahead inc hosp,25
2020-12-13,102,quantile,0.025,2020-11-20,23 day ahead inc hosp,25
2020-12-13,112,quantile,0.050,2020-11-20,23 day ahead inc hosp,25
2020-12-13,124,quantile,0.100,2020-11-20,23 day ahead inc hosp,25
2020-12-13,132,quantile,0.150,2020-11-20,23 day ahead inc hosp,25
2020-12-13,139,quantile,0.200,2020-11-20,23 day ahead inc hosp,25
2020-12-13,146,quantile,0.250,2020-11-20,23 day ahead inc hosp,25
2020-12-13,152,quantile,0.300,2020-11-20,23 day ahead inc hosp,25
2020-12-13,157,quantile,0.350,2020-11-20,23 day ahead inc hosp,25
2020-12-13,163,quantile,0.400,2020-11-20,23 day ahead inc hosp,25
2020-12-13,168,quantile,0.450,2020-11-20,23 day ahead inc hosp,25
2020-12-13,174,quantile,0.500,2020-11-20,23 day ahead inc hosp,25
2020-12-13,178,point,NA,2020-11-20,23 day ahead inc hosp,25
2020-12-13,179,quantile,0.550,2020-11-20,23 day ahead inc hosp,25
2020-12-13,185,quantile,0.600,2020-11-20,23 day ahead inc hosp,25
2020-12-13,191,quantile,0.650,2020-11-20,23 day ahead inc hosp,25
2020-12-13,198,quantile,0.700,2020-11-20,23 day ahead inc hosp,25
2020-12-13,205,quantile,0.750,2020-11-20,23 day ahead inc hosp,25
2020-12-13,214,quantile,0.800,2020-11-20,23 day ahead inc hosp,25
2020-12-13,224,quantile,0.850,2020-11-20,23 day ahead inc hosp,25
2020-12-13,237,quantile,0.900,2020-11-20,23 day ahead inc hosp,25
2020-12-13,258,quantile,0.950,2020-11-20,23 day ahead inc hosp,25
2020-12-13,277,quantile,0.975,2020-11-20,23 day ahead inc hosp,25
2020-12-13,301,quantile,0.990,2020-11-20,23 day ahead inc hosp,25
2020-12-14,92,quantile,0.010,2020-11-20,24 day ahead inc hosp,25
2020-12-14,102,quantile,0.025,2020-11-20,24 day ahead inc hosp,25
2020-12-14,112,quantile,0.050,2020-11-20,24 day ahead inc hosp,25
2020-12-14,125,quantile,0.100,2020-11-20,24 day ahead inc hosp,25
2020-12-14,133,quantile,0.150,2020-11-20,24 day ahead inc hosp,25
2020-12-14,141,quantile,0.200,2020-11-20,24 day ahead inc hosp,25
2020-12-14,147,quantile,0.250,2020-11-20,24 day ahead inc hosp,25
2020-12-14,153,quantile,0.300,2020-11-20,24 day ahead inc hosp,25
2020-12-14,159,quantile,0.350,2020-11-20,24 day ahead inc hosp,25
2020-12-14,164,quantile,0.400,2020-11-20,24 day ahead inc hosp,25
2020-12-14,170,quantile,0.450,2020-11-20,24 day ahead inc hosp,25
2020-12-14,176,quantile,0.500,2020-11-20,24 day ahead inc hosp,25
2020-12-14,180,point,NA,2020-11-20,24 day ahead inc hosp,25
2020-12-14,181,quantile,0.550,2020-11-20,24 day ahead inc hosp,25
2020-12-14,187,quantile,0.600,2020-11-20,24 day ahead inc hosp,25
2020-12-14,194,quantile,0.650,2020-11-20,24 day ahead inc hosp,25
2020-12-14,201,quantile,0.700,2020-11-20,24 day ahead inc hosp,25
2020-12-14,208,quantile,0.750,2020-11-20,24 day ahead inc hosp,25
2020-12-14,217,quantile,0.800,2020-11-20,24 day ahead inc hosp,25
2020-12-14,227,quantile,0.850,2020-11-20,24 day ahead inc hosp,25
2020-12-14,241,quantile,0.900,2020-11-20,24 day ahead inc hosp,25
2020-12-14,262,quantile,0.950,2020-11-20,24 day ahead inc hosp,25
2020-12-14,282,quantile,0.975,2020-11-20,24 day ahead inc hosp,25
2020-12-14,307,quantile,0.990,2020-11-20,24 day ahead inc hosp,25
2020-12-15,92,quantile,0.010,2020-11-20,25 day ahead inc hosp,25
2020-12-15,103,quantile,0.025,2020-11-20,25 day ahead inc hosp,25
2020-12-15,113,quantile,0.050,2020-11-20,25 day ahead inc hosp,25
2020-12-15,125,quantile,0.100,2020-11-20,25 day ahead inc hosp,25
2020-12-15,134,quantile,0.150,2020-11-20,25 day ahead inc hosp,25
2020-12-15,142,quantile,0.200,2020-11-20,25 day ahead inc hosp,25
2020-12-15,149,quantile,0.250,2020-11-20,25 day ahead inc hosp,25
2020-12-15,155,quantile,0.300,2020-11-20,25 day ahead inc hosp,25
2020-12-15,161,quantile,0.350,2020-11-20,25 day ahead inc hosp,25
2020-12-15,166,quantile,0.400,2020-11-20,25 day ahead inc hosp,25
2020-12-15,172,quantile,0.450,2020-11-20,25 day ahead inc hosp,25
2020-12-15,178,quantile,0.500,2020-11-20,25 day ahead inc hosp,25
2020-12-15,182,point,NA,2020-11-20,25 day ahead inc hosp,25
2020-12-15,184,quantile,0.550,2020-11-20,25 day ahead inc hosp,25
2020-12-15,190,quantile,0.600,2020-11-20,25 day ahead inc hosp,25
2020-12-15,196,quantile,0.650,2020-11-20,25 day ahead inc hosp,25
2020-12-15,203,quantile,0.700,2020-11-20,25 day ahead inc hosp,25
2020-12-15,211,quantile,0.750,2020-11-20,25 day ahead inc hosp,25
2020-12-15,220,quantile,0.800,2020-11-20,25 day ahead inc hosp,25
2020-12-15,231,quantile,0.850,2020-11-20,25 day ahead inc hosp,25
2020-12-15,245,quantile,0.900,2020-11-20,25 day ahead inc hosp,25
2020-12-15,267,quantile,0.950,2020-11-20,25 day ahead inc hosp,25
2020-12-15,287,quantile,0.975,2020-11-20,25 day ahead inc hosp,25
2020-12-15,312,quantile,0.990,2020-11-20,25 day ahead inc hosp,25
2020-12-16,93,quantile,0.010,2020-11-20,26 day ahead inc hosp,25
2020-12-16,104,quantile,0.025,2020-11-20,26 day ahead inc hosp,25
2020-12-16,114,quantile,0.050,2020-11-20,26 day ahead inc hosp,25
2020-12-16,126,quantile,0.100,2020-11-20,26 day ahead inc hosp,25
2020-12-16,136,quantile,0.150,2020-11-20,26 day ahead inc hosp,25
2020-12-16,143,quantile,0.200,2020-11-20,26 day ahead inc hosp,25
2020-12-16,150,quantile,0.250,2020-11-20,26 day ahead inc hosp,25
2020-12-16,156,quantile,0.300,2020-11-20,26 day ahead inc hosp,25
2020-12-16,162,quantile,0.350,2020-11-20,26 day ahead inc hosp,25
2020-12-16,168,quantile,0.400,2020-11-20,26 day ahead inc hosp,25
2020-12-16,174,quantile,0.450,2020-11-20,26 day ahead inc hosp,25
2020-12-16,180,quantile,0.500,2020-11-20,26 day ahead inc hosp,25
2020-12-16,185,point,NA,2020-11-20,26 day ahead inc hosp,25
2020-12-16,186,quantile,0.550,2020-11-20,26 day ahead inc hosp,25
2020-12-16,192,quantile,0.600,2020-11-20,26 day ahead inc hosp,25
2020-12-16,199,quantile,0.650,2020-11-20,26 day ahead inc hosp,25
2020-12-16,206,quantile,0.700,2020-11-20,26 day ahead inc hosp,25
2020-12-16,214,quantile,0.750,2020-11-20,26 day ahead inc hosp,25
2020-12-16,223,quantile,0.800,2020-11-20,26 day ahead inc hosp,25
2020-12-16,234,quantile,0.850,2020-11-20,26 day ahead inc hosp,25
2020-12-16,249,quantile,0.900,2020-11-20,26 day ahead inc hosp,25
2020-12-16,271,quantile,0.950,2020-11-20,26 day ahead inc hosp,25
2020-12-16,292,quantile,0.975,2020-11-20,26 day ahead inc hosp,25
2020-12-16,318,quantile,0.990,2020-11-20,26 day ahead inc hosp,25
2020-12-17,93,quantile,0.010,2020-11-20,27 day ahead inc hosp,25
2020-12-17,104,quantile,0.025,2020-11-20,27 day ahead inc hosp,25
2020-12-17,115,quantile,0.050,2020-11-20,27 day ahead inc hosp,25
2020-12-17,127,quantile,0.100,2020-11-20,27 day ahead inc hosp,25
2020-12-17,137,quantile,0.150,2020-11-20,27 day ahead inc hosp,25
2020-12-17,145,quantile,0.200,2020-11-20,27 day ahead inc hosp,25
2020-12-17,152,quantile,0.250,2020-11-20,27 day ahead inc hosp,25
2020-12-17,158,quantile,0.300,2020-11-20,27 day ahead inc hosp,25
2020-12-17,164,quantile,0.350,2020-11-20,27 day ahead inc hosp,25
2020-12-17,170,quantile,0.400,2020-11-20,27 day ahead inc hosp,25
2020-12-17,176,quantile,0.450,2020-11-20,27 day ahead inc hosp,25
2020-12-17,182,quantile,0.500,2020-11-20,27 day ahead inc hosp,25
2020-12-17,187,point,NA,2020-11-20,27 day ahead inc hosp,25
2020-12-17,188,quantile,0.550,2020-11-20,27 day ahead inc hosp,25
2020-12-17,195,quantile,0.600,2020-11-20,27 day ahead inc hosp,25
2020-12-17,201,quantile,0.650,2020-11-20,27 day ahead inc hosp,25
2020-12-17,209,quantile,0.700,2020-11-20,27 day ahead inc hosp,25
2020-12-17,217,quantile,0.750,2020-11-20,27 day ahead inc hosp,25
2020-12-17,226,quantile,0.800,2020-11-20,27 day ahead inc hosp,25
2020-12-17,238,quantile,0.850,2020-11-20,27 day ahead inc hosp,25
2020-12-17,253,quantile,0.900,2020-11-20,27 day ahead inc hosp,25
2020-12-17,276,quantile,0.950,2020-11-20,27 day ahead inc hosp,25
2020-12-17,297,quantile,0.975,2020-11-20,27 day ahead inc hosp,25
2020-12-17,324,quantile,0.990,2020-11-20,27 day ahead inc hosp,25
2020-12-18,93,quantile,0.010,2020-11-20,28 day ahead inc hosp,25
2020-12-18,105,quantile,0.025,2020-11-20,28 day ahead inc hosp,25
2020-12-18,115,quantile,0.050,2020-11-20,28 day ahead inc hosp,25
2020-12-18,129,quantile,0.100,2020-11-20,28 day ahead inc hosp,25
2020-12-18,138,quantile,0.150,2020-11-20,28 day ahead inc hosp,25
2020-12-18,146,quantile,0.200,2020-11-20,28 day ahead inc hosp,25
2020-12-18,153,quantile,0.250,2020-11-20,28 day ahead inc hosp,25
2020-12-18,160,quantile,0.300,2020-11-20,28 day ahead inc hosp,25
2020-12-18,166,quantile,0.350,2020-11-20,28 day ahead inc hosp,25
2020-12-18,172,quantile,0.400,2020-11-20,28 day ahead inc hosp,25
2020-12-18,178,quantile,0.450,2020-11-20,28 day ahead inc hosp,25
2020-12-18,184,quantile,0.500,2020-11-20,28 day ahead inc hosp,25
2020-12-18,189,point,NA,2020-11-20,28 day ahead inc hosp,25
2020-12-18,191,quantile,0.550,2020-11-20,28 day ahead inc hosp,25
2020-12-18,197,quantile,0.600,2020-11-20,28 day ahead inc hosp,25
2020-12-18,204,quantile,0.650,2020-11-20,28 day ahead inc hosp,25
2020-12-18,212,quantile,0.700,2020-11-20,28 day ahead inc hosp,25
2020-12-18,220,quantile,0.750,2020-11-20,28 day ahead inc hosp,25
2020-12-18,230,quantile,0.800,2020-11-20,28 day ahead inc hosp,25
2020-12-18,241,quantile,0.850,2020-11-20,28 day ahead inc hosp,25
2020-12-18,256,quantile,0.900,2020-11-20,28 day ahead inc hosp,25
2020-12-18,280,quantile,0.950,2020-11-20,28 day ahead inc hosp,25
2020-12-18,302,quantile,0.975,2020-11-20,28 day ahead inc hosp,25
2020-12-18,329,quantile,0.990,2020-11-20,28 day ahead inc hosp,25
